Year,MeanTCperYear
1996,0.208333333
1997,0.086956522
1998,1.681818182
1999,2.6
2000,1.783333333
2001,1.627530364
2002,4.975694444
2003,1.235294118
2004,4.977272727
2005,4.59047619
2006,2.74789916
2007,2.153846154
2008,1.646396396
2009,1.387559809
2010,1.62173913
2011,2.174074074
2012,1.375
2013,1.394285714
2014,2.479166667
2015,1.933333333
2016,2.479166667
2017,3.540983607
2018,4.41
2019,3.641509434
